document_id,origin_type,title,license,rights_status,original_url,accessed_at
agenda_incontri_01,simulated,Agenda di incontri riservati,CC0-1.0 for simulated content; see project LICENSES.md,cleared_for_distribution,,
lettera_porti_feudi_01,simulated,Lettera sui porti e sui feudi occidentali,CC0-1.0 for simulated content; see project LICENSES.md,cleared_for_distribution,,
movimenti_diplomatici_01,simulated,Movimenti diplomatici e consolari,CC0-1.0 for simulated content; see project LICENSES.md,cleared_for_distribution,,
registro_passaggio_01,simulated,Registro dei lasciapassare e dei carri,CC0-1.0 for simulated content; see project LICENSES.md,cleared_for_distribution,,
lettera_danneggiata_01,simulated,Lettera danneggiata sul porto,CC0-1.0 for simulated content; see project LICENSES.md,cleared_for_distribution,,
manifesto_politico_01,simulated,Manifesto politico “Siciliani!”,CC0-1.0 for simulated content; see project LICENSES.md,cleared_for_distribution,,
mappa_base_sicilia_wikimedia_01,authentic,Sicily location map,Public Domain (PD-self),cleared_for_distribution,https://commons.wikimedia.org/wiki/File:Sicily_location_map.svg,2026-08-05
mappa_porti_occidentali_annotata_01,derived,Carta annotata dei porti occidentali,Public Domain base; annotations CC0-1.0,cleared_for_distribution,https://commons.wikimedia.org/wiki/File:Sicily_location_map.svg,2026-08-05
scansione_manoscritta_01,simulated,Promemoria manoscritto sui dodici carri,CC0-1.0 for simulated content; see project LICENSES.md,cleared_for_distribution,,
